Metric,Value
Accuracy,0.8200332042058661
Precision,0.6085790884718498
Recall,0.724578203374373
F1 Score,0.6615320566194838
ROC AUC,0.887408922359723
